[{"plot_id":1,"plot_type":"Spectab exclosure"},{"plot_id":2,"plot_type":"Control"},{"plot_id":3,"plot_type":"Long-term Krat Exclosure"},{"plot_id":4,"plot_type":"Control"},{"plot_id":5,"plot_type":"Rodent Exclosure"},{"plot_id":6,"plot_type":"Short-term Krat Exclosure"},{"plot_id":7,"plot_type":"Rodent Exclosure"},{"plot_id":8,"plot_type":"Control"},{"plot_id":9,"plot_type":"Spectab exclosure"},{"plot_id":10,"plot_type":"Rodent Exclosure"},{"plot_id":11,"plot_type":"Control"},{"plot_id":12,"plot_type":"Control"},{"plot_id":13,"plot_type":"Short-term Krat Exclosure"},{"plot_id":14,"plot_type":"Control"},{"plot_id":15,"plot_type":"Long-term Krat Exclosure"},{"plot_id":16,"plot_type":"Rodent Exclosure"},{"plot_id":17,"plot_type":"Control"},{"plot_id":18,"plot_type":"Short-term Krat Exclosure"},{"plot_id":19,"plot_type":"Long-term Krat Exclosure"},{"plot_id":20,"plot_type":"Short-term Krat Exclosure"},{"plot_id":21,"plot_type":"Long-term Krat Exclosure"},{"plot_id":22,"plot_type":"Control"},{"plot_id":23,"plot_type":"Rodent Exclosure"},{"plot_id":24,"plot_type":"Rodent Exclosure"}]